USE [BUPA1000]
GO


SET IDENTITY_INSERT [dbo].[breastfeeding] ON
INSERT [dbo].[breastfeeding] ([id], [breastfeeding], [description]) VALUES (1, 0, N'Mutter stillt nicht')
INSERT [dbo].[breastfeeding] ([id], [breastfeeding], [description]) VALUES (2, 1, N'Mutter stillt')
INSERT [dbo].[breastfeeding] ([id], [breastfeeding], [description]) VALUES (3, 0, N'Status noch nicht eingetragen')

SET IDENTITY_INSERT [dbo].[breastfeeding] OFF
SET IDENTITY_INSERT [dbo].[type] ON
INSERT [dbo].[type] ([id], [character], [type]) VALUES (1, N'm', N'mutter')
INSERT [dbo].[type] ([id], [character], [type]) VALUES (2, N'k', N'kind')

SET IDENTITY_INSERT [dbo].[type] OFF
SET IDENTITY_INSERT [dbo].[person] ON
INSERT [dbo].[person] ([id], [prefix], [suffix], [type_id]) VALUES (1, N'3333', N'0001', 1)
INSERT [dbo].[person] ([id], [prefix], [suffix], [type_id]) VALUES (2, N'3333', N'0002', 1)
INSERT [dbo].[person] ([id], [prefix], [suffix], [type_id]) VALUES (3, N'3333', N'0003', 1)
INSERT [dbo].[person] ([id], [prefix], [suffix], [type_id]) VALUES (4, N'3333', N'0004', 1)
INSERT [dbo].[person] ([id], [prefix], [suffix], [type_id]) VALUES (5, N'3333', N'0005', 1)
INSERT [dbo].[person] ([id], [prefix], [suffix], [type_id]) VALUES (6, N'3333', N'0006', 1)
INSERT [dbo].[person] ([id], [prefix], [suffix], [type_id]) VALUES (7, N'3333', N'0007', 1)
INSERT [dbo].[person] ([id], [prefix], [suffix], [type_id]) VALUES (8, N'3333', N'0008', 1)
INSERT [dbo].[person] ([id], [prefix], [suffix], [type_id]) VALUES (9, N'3333', N'0009', 1)
INSERT [dbo].[person] ([id], [prefix], [suffix], [type_id]) VALUES (10, N'3333', N'0010', 1)
INSERT [dbo].[person] ([id], [prefix], [suffix], [type_id]) VALUES (11, N'3333', N'0011', 1)
INSERT [dbo].[person] ([id], [prefix], [suffix], [type_id]) VALUES (12, N'3333', N'0012', 1)
INSERT [dbo].[person] ([id], [prefix], [suffix], [type_id]) VALUES (13, N'3333', N'0013', 1)
INSERT [dbo].[person] ([id], [prefix], [suffix], [type_id]) VALUES (14, N'3333', N'0014', 1)
INSERT [dbo].[person] ([id], [prefix], [suffix], [type_id]) VALUES (15, N'3333', N'0015', 1)
INSERT [dbo].[person] ([id], [prefix], [suffix], [type_id]) VALUES (16, N'3333', N'0016', 1)
INSERT [dbo].[person] ([id], [prefix], [suffix], [type_id]) VALUES (17, N'3333', N'0017', 1)
INSERT [dbo].[person] ([id], [prefix], [suffix], [type_id]) VALUES (18, N'3333', N'0018', 1)
INSERT [dbo].[person] ([id], [prefix], [suffix], [type_id]) VALUES (19, N'3333', N'0019', 1)
INSERT [dbo].[person] ([id], [prefix], [suffix], [type_id]) VALUES (20, N'3333', N'0020', 1)
INSERT [dbo].[person] ([id], [prefix], [suffix], [type_id]) VALUES (21, N'3333', N'0021', 1)
INSERT [dbo].[person] ([id], [prefix], [suffix], [type_id]) VALUES (22, N'3333', N'0022', 1)
INSERT [dbo].[person] ([id], [prefix], [suffix], [type_id]) VALUES (23, N'3333', N'0023', 1)
INSERT [dbo].[person] ([id], [prefix], [suffix], [type_id]) VALUES (24, N'3333', N'0024', 1)
INSERT [dbo].[person] ([id], [prefix], [suffix], [type_id]) VALUES (25, N'3333', N'0025', 1)
INSERT [dbo].[person] ([id], [prefix], [suffix], [type_id]) VALUES (26, N'3333', N'0026', 1)
INSERT [dbo].[person] ([id], [prefix], [suffix], [type_id]) VALUES (27, N'3333', N'0027', 1)
INSERT [dbo].[person] ([id], [prefix], [suffix], [type_id]) VALUES (28, N'3333', N'0028', 1)
INSERT [dbo].[person] ([id], [prefix], [suffix], [type_id]) VALUES (29, N'3333', N'0029', 1)
INSERT [dbo].[person] ([id], [prefix], [suffix], [type_id]) VALUES (30, N'3333', N'0030', 1)
INSERT [dbo].[person] ([id], [prefix], [suffix], [type_id]) VALUES (31, N'3333', N'0031', 1)
INSERT [dbo].[person] ([id], [prefix], [suffix], [type_id]) VALUES (32, N'3333', N'0032', 1)
INSERT [dbo].[person] ([id], [prefix], [suffix], [type_id]) VALUES (33, N'3333', N'0033', 1)
INSERT [dbo].[person] ([id], [prefix], [suffix], [type_id]) VALUES (34, N'3333', N'0034', 1)
INSERT [dbo].[person] ([id], [prefix], [suffix], [type_id]) VALUES (35, N'3333', N'0035', 1)
INSERT [dbo].[person] ([id], [prefix], [suffix], [type_id]) VALUES (36, N'3333', N'0036', 1)
INSERT [dbo].[person] ([id], [prefix], [suffix], [type_id]) VALUES (37, N'3333', N'0037', 1)
INSERT [dbo].[person] ([id], [prefix], [suffix], [type_id]) VALUES (38, N'3333', N'0038', 1)
INSERT [dbo].[person] ([id], [prefix], [suffix], [type_id]) VALUES (39, N'3333', N'0039', 1)
INSERT [dbo].[person] ([id], [prefix], [suffix], [type_id]) VALUES (40, N'3333', N'0040', 1)
INSERT [dbo].[person] ([id], [prefix], [suffix], [type_id]) VALUES (41, N'3333', N'0041', 1)
INSERT [dbo].[person] ([id], [prefix], [suffix], [type_id]) VALUES (42, N'3333', N'0042', 1)
INSERT [dbo].[person] ([id], [prefix], [suffix], [type_id]) VALUES (43, N'3333', N'0043', 1)
INSERT [dbo].[person] ([id], [prefix], [suffix], [type_id]) VALUES (44, N'3333', N'0044', 1)
INSERT [dbo].[person] ([id], [prefix], [suffix], [type_id]) VALUES (45, N'3333', N'0045', 1)
INSERT [dbo].[person] ([id], [prefix], [suffix], [type_id]) VALUES (46, N'3333', N'0046', 1)
INSERT [dbo].[person] ([id], [prefix], [suffix], [type_id]) VALUES (47, N'3333', N'0047', 1)
INSERT [dbo].[person] ([id], [prefix], [suffix], [type_id]) VALUES (48, N'3333', N'0048', 1)
INSERT [dbo].[person] ([id], [prefix], [suffix], [type_id]) VALUES (49, N'3333', N'0049', 1)
INSERT [dbo].[person] ([id], [prefix], [suffix], [type_id]) VALUES (50, N'3333', N'0050', 1)
INSERT [dbo].[person] ([id], [prefix], [suffix], [type_id]) VALUES (51, N'3333', N'0051', 1)
INSERT [dbo].[person] ([id], [prefix], [suffix], [type_id]) VALUES (52, N'3333', N'0052', 1)
INSERT [dbo].[person] ([id], [prefix], [suffix], [type_id]) VALUES (53, N'3333', N'0053', 1)
INSERT [dbo].[person] ([id], [prefix], [suffix], [type_id]) VALUES (54, N'3333', N'0054', 1)
INSERT [dbo].[person] ([id], [prefix], [suffix], [type_id]) VALUES (55, N'3333', N'0055', 1)
INSERT [dbo].[person] ([id], [prefix], [suffix], [type_id]) VALUES (56, N'3333', N'0056', 1)
INSERT [dbo].[person] ([id], [prefix], [suffix], [type_id]) VALUES (57, N'3333', N'0057', 1)
INSERT [dbo].[person] ([id], [prefix], [suffix], [type_id]) VALUES (58, N'3333', N'0058', 1)
INSERT [dbo].[person] ([id], [prefix], [suffix], [type_id]) VALUES (59, N'3333', N'0059', 1)
INSERT [dbo].[person] ([id], [prefix], [suffix], [type_id]) VALUES (60, N'3333', N'0060', 1)
INSERT [dbo].[person] ([id], [prefix], [suffix], [type_id]) VALUES (61, N'3333', N'0061', 1)
INSERT [dbo].[person] ([id], [prefix], [suffix], [type_id]) VALUES (62, N'3333', N'0062', 1)
INSERT [dbo].[person] ([id], [prefix], [suffix], [type_id]) VALUES (63, N'3333', N'0063', 1)
INSERT [dbo].[person] ([id], [prefix], [suffix], [type_id]) VALUES (64, N'3333', N'0064', 1)
INSERT [dbo].[person] ([id], [prefix], [suffix], [type_id]) VALUES (65, N'3333', N'0065', 1)
INSERT [dbo].[person] ([id], [prefix], [suffix], [type_id]) VALUES (66, N'3333', N'0066', 1)
INSERT [dbo].[person] ([id], [prefix], [suffix], [type_id]) VALUES (67, N'3333', N'0067', 1)
INSERT [dbo].[person] ([id], [prefix], [suffix], [type_id]) VALUES (68, N'3333', N'0068', 1)
INSERT [dbo].[person] ([id], [prefix], [suffix], [type_id]) VALUES (69, N'3333', N'0069', 1)
INSERT [dbo].[person] ([id], [prefix], [suffix], [type_id]) VALUES (70, N'3333', N'0070', 1)
INSERT [dbo].[person] ([id], [prefix], [suffix], [type_id]) VALUES (71, N'3333', N'0071', 1)
INSERT [dbo].[person] ([id], [prefix], [suffix], [type_id]) VALUES (72, N'3333', N'0072', 1)
INSERT [dbo].[person] ([id], [prefix], [suffix], [type_id]) VALUES (73, N'3333', N'0073', 1)
INSERT [dbo].[person] ([id], [prefix], [suffix], [type_id]) VALUES (74, N'3333', N'0074', 1)
INSERT [dbo].[person] ([id], [prefix], [suffix], [type_id]) VALUES (75, N'3333', N'0075', 1)
INSERT [dbo].[person] ([id], [prefix], [suffix], [type_id]) VALUES (76, N'3333', N'0076', 1)
INSERT [dbo].[person] ([id], [prefix], [suffix], [type_id]) VALUES (77, N'3333', N'0077', 1)
INSERT [dbo].[person] ([id], [prefix], [suffix], [type_id]) VALUES (78, N'3333', N'0078', 1)
INSERT [dbo].[person] ([id], [prefix], [suffix], [type_id]) VALUES (79, N'3333', N'0079', 1)
INSERT [dbo].[person] ([id], [prefix], [suffix], [type_id]) VALUES (80, N'3333', N'0080', 1)
INSERT [dbo].[person] ([id], [prefix], [suffix], [type_id]) VALUES (81, N'3333', N'0081', 1)
INSERT [dbo].[person] ([id], [prefix], [suffix], [type_id]) VALUES (82, N'3333', N'0082', 1)
INSERT [dbo].[person] ([id], [prefix], [suffix], [type_id]) VALUES (83, N'3333', N'0083', 1)
INSERT [dbo].[person] ([id], [prefix], [suffix], [type_id]) VALUES (84, N'3333', N'0084', 1)
INSERT [dbo].[person] ([id], [prefix], [suffix], [type_id]) VALUES (85, N'3333', N'0085', 1)
INSERT [dbo].[person] ([id], [prefix], [suffix], [type_id]) VALUES (86, N'3333', N'0086', 1)
INSERT [dbo].[person] ([id], [prefix], [suffix], [type_id]) VALUES (87, N'3333', N'0087', 1)
INSERT [dbo].[person] ([id], [prefix], [suffix], [type_id]) VALUES (88, N'3333', N'0088', 1)
INSERT [dbo].[person] ([id], [prefix], [suffix], [type_id]) VALUES (89, N'3333', N'0089', 1)
INSERT [dbo].[person] ([id], [prefix], [suffix], [type_id]) VALUES (90, N'3333', N'0090', 1)
INSERT [dbo].[person] ([id], [prefix], [suffix], [type_id]) VALUES (91, N'3333', N'0091', 1)
INSERT [dbo].[person] ([id], [prefix], [suffix], [type_id]) VALUES (92, N'3333', N'0092', 1)
INSERT [dbo].[person] ([id], [prefix], [suffix], [type_id]) VALUES (93, N'3333', N'0093', 1)
INSERT [dbo].[person] ([id], [prefix], [suffix], [type_id]) VALUES (94, N'3333', N'0094', 1)
INSERT [dbo].[person] ([id], [prefix], [suffix], [type_id]) VALUES (95, N'3333', N'0095', 1)
INSERT [dbo].[person] ([id], [prefix], [suffix], [type_id]) VALUES (96, N'3333', N'0096', 1)
INSERT [dbo].[person] ([id], [prefix], [suffix], [type_id]) VALUES (97, N'3333', N'0097', 1)
INSERT [dbo].[person] ([id], [prefix], [suffix], [type_id]) VALUES (98, N'3333', N'0098', 1)
INSERT [dbo].[person] ([id], [prefix], [suffix], [type_id]) VALUES (99, N'3333', N'0099', 1)
GO
INSERT [dbo].[person] ([id], [prefix], [suffix], [type_id]) VALUES (100, N'3333', N'0100', 1)
INSERT [dbo].[person] ([id], [prefix], [suffix], [type_id]) VALUES (101, N'4444', N'0001', 2)
INSERT [dbo].[person] ([id], [prefix], [suffix], [type_id]) VALUES (102, N'4444', N'0002', 2)
INSERT [dbo].[person] ([id], [prefix], [suffix], [type_id]) VALUES (103, N'4444', N'0003', 2)
INSERT [dbo].[person] ([id], [prefix], [suffix], [type_id]) VALUES (104, N'4444', N'0004', 2)
INSERT [dbo].[person] ([id], [prefix], [suffix], [type_id]) VALUES (105, N'4444', N'0005', 2)
INSERT [dbo].[person] ([id], [prefix], [suffix], [type_id]) VALUES (106, N'4444', N'0006', 2)
INSERT [dbo].[person] ([id], [prefix], [suffix], [type_id]) VALUES (107, N'4444', N'0007', 2)
INSERT [dbo].[person] ([id], [prefix], [suffix], [type_id]) VALUES (108, N'4444', N'0008', 2)
INSERT [dbo].[person] ([id], [prefix], [suffix], [type_id]) VALUES (109, N'4444', N'0009', 2)
INSERT [dbo].[person] ([id], [prefix], [suffix], [type_id]) VALUES (110, N'4444', N'0010', 2)
INSERT [dbo].[person] ([id], [prefix], [suffix], [type_id]) VALUES (111, N'4444', N'0011', 2)
INSERT [dbo].[person] ([id], [prefix], [suffix], [type_id]) VALUES (112, N'4444', N'0012', 2)
INSERT [dbo].[person] ([id], [prefix], [suffix], [type_id]) VALUES (113, N'4444', N'0013', 2)
INSERT [dbo].[person] ([id], [prefix], [suffix], [type_id]) VALUES (114, N'4444', N'0014', 2)
INSERT [dbo].[person] ([id], [prefix], [suffix], [type_id]) VALUES (115, N'4444', N'0015', 2)
INSERT [dbo].[person] ([id], [prefix], [suffix], [type_id]) VALUES (116, N'4444', N'0016', 2)
INSERT [dbo].[person] ([id], [prefix], [suffix], [type_id]) VALUES (117, N'4444', N'0017', 2)
INSERT [dbo].[person] ([id], [prefix], [suffix], [type_id]) VALUES (118, N'4444', N'0018', 2)
INSERT [dbo].[person] ([id], [prefix], [suffix], [type_id]) VALUES (119, N'4444', N'0019', 2)
INSERT [dbo].[person] ([id], [prefix], [suffix], [type_id]) VALUES (120, N'4444', N'0020', 2)
INSERT [dbo].[person] ([id], [prefix], [suffix], [type_id]) VALUES (121, N'4444', N'0021', 2)
INSERT [dbo].[person] ([id], [prefix], [suffix], [type_id]) VALUES (122, N'4444', N'0022', 2)
INSERT [dbo].[person] ([id], [prefix], [suffix], [type_id]) VALUES (123, N'4444', N'0023', 2)
INSERT [dbo].[person] ([id], [prefix], [suffix], [type_id]) VALUES (124, N'4444', N'0024', 2)
INSERT [dbo].[person] ([id], [prefix], [suffix], [type_id]) VALUES (125, N'4444', N'0025', 2)
INSERT [dbo].[person] ([id], [prefix], [suffix], [type_id]) VALUES (126, N'4444', N'0026', 2)
INSERT [dbo].[person] ([id], [prefix], [suffix], [type_id]) VALUES (127, N'4444', N'0027', 2)
INSERT [dbo].[person] ([id], [prefix], [suffix], [type_id]) VALUES (128, N'4444', N'0028', 2)
INSERT [dbo].[person] ([id], [prefix], [suffix], [type_id]) VALUES (129, N'4444', N'0029', 2)
INSERT [dbo].[person] ([id], [prefix], [suffix], [type_id]) VALUES (130, N'4444', N'0030', 2)
INSERT [dbo].[person] ([id], [prefix], [suffix], [type_id]) VALUES (131, N'4444', N'0031', 2)
INSERT [dbo].[person] ([id], [prefix], [suffix], [type_id]) VALUES (132, N'4444', N'0032', 2)
INSERT [dbo].[person] ([id], [prefix], [suffix], [type_id]) VALUES (133, N'4444', N'0033', 2)
INSERT [dbo].[person] ([id], [prefix], [suffix], [type_id]) VALUES (134, N'4444', N'0034', 2)
INSERT [dbo].[person] ([id], [prefix], [suffix], [type_id]) VALUES (135, N'4444', N'0035', 2)
INSERT [dbo].[person] ([id], [prefix], [suffix], [type_id]) VALUES (136, N'4444', N'0036', 2)
INSERT [dbo].[person] ([id], [prefix], [suffix], [type_id]) VALUES (137, N'4444', N'0037', 2)
INSERT [dbo].[person] ([id], [prefix], [suffix], [type_id]) VALUES (138, N'4444', N'0038', 2)
INSERT [dbo].[person] ([id], [prefix], [suffix], [type_id]) VALUES (139, N'4444', N'0039', 2)
INSERT [dbo].[person] ([id], [prefix], [suffix], [type_id]) VALUES (140, N'4444', N'0040', 2)
INSERT [dbo].[person] ([id], [prefix], [suffix], [type_id]) VALUES (141, N'4444', N'0041', 2)
INSERT [dbo].[person] ([id], [prefix], [suffix], [type_id]) VALUES (142, N'4444', N'0042', 2)
INSERT [dbo].[person] ([id], [prefix], [suffix], [type_id]) VALUES (143, N'4444', N'0043', 2)
INSERT [dbo].[person] ([id], [prefix], [suffix], [type_id]) VALUES (144, N'4444', N'0044', 2)
INSERT [dbo].[person] ([id], [prefix], [suffix], [type_id]) VALUES (145, N'4444', N'0045', 2)
INSERT [dbo].[person] ([id], [prefix], [suffix], [type_id]) VALUES (146, N'4444', N'0046', 2)
INSERT [dbo].[person] ([id], [prefix], [suffix], [type_id]) VALUES (147, N'4444', N'0047', 2)
INSERT [dbo].[person] ([id], [prefix], [suffix], [type_id]) VALUES (148, N'4444', N'0048', 2)
INSERT [dbo].[person] ([id], [prefix], [suffix], [type_id]) VALUES (149, N'4444', N'0049', 2)
INSERT [dbo].[person] ([id], [prefix], [suffix], [type_id]) VALUES (150, N'4444', N'0050', 2)
INSERT [dbo].[person] ([id], [prefix], [suffix], [type_id]) VALUES (151, N'4444', N'0051', 2)
INSERT [dbo].[person] ([id], [prefix], [suffix], [type_id]) VALUES (152, N'4444', N'0052', 2)
INSERT [dbo].[person] ([id], [prefix], [suffix], [type_id]) VALUES (153, N'4444', N'0053', 2)
INSERT [dbo].[person] ([id], [prefix], [suffix], [type_id]) VALUES (154, N'4444', N'0054', 2)
INSERT [dbo].[person] ([id], [prefix], [suffix], [type_id]) VALUES (155, N'4444', N'0055', 2)
INSERT [dbo].[person] ([id], [prefix], [suffix], [type_id]) VALUES (156, N'4444', N'0056', 2)
INSERT [dbo].[person] ([id], [prefix], [suffix], [type_id]) VALUES (157, N'4444', N'0057', 2)
INSERT [dbo].[person] ([id], [prefix], [suffix], [type_id]) VALUES (158, N'4444', N'0058', 2)
INSERT [dbo].[person] ([id], [prefix], [suffix], [type_id]) VALUES (159, N'4444', N'0059', 2)
INSERT [dbo].[person] ([id], [prefix], [suffix], [type_id]) VALUES (160, N'4444', N'0060', 2)
INSERT [dbo].[person] ([id], [prefix], [suffix], [type_id]) VALUES (161, N'4444', N'0061', 2)
INSERT [dbo].[person] ([id], [prefix], [suffix], [type_id]) VALUES (162, N'4444', N'0062', 2)
INSERT [dbo].[person] ([id], [prefix], [suffix], [type_id]) VALUES (163, N'4444', N'0063', 2)
INSERT [dbo].[person] ([id], [prefix], [suffix], [type_id]) VALUES (164, N'4444', N'0064', 2)
INSERT [dbo].[person] ([id], [prefix], [suffix], [type_id]) VALUES (165, N'4444', N'0065', 2)
INSERT [dbo].[person] ([id], [prefix], [suffix], [type_id]) VALUES (166, N'4444', N'0066', 2)
INSERT [dbo].[person] ([id], [prefix], [suffix], [type_id]) VALUES (167, N'4444', N'0067', 2)
INSERT [dbo].[person] ([id], [prefix], [suffix], [type_id]) VALUES (168, N'4444', N'0068', 2)
INSERT [dbo].[person] ([id], [prefix], [suffix], [type_id]) VALUES (169, N'4444', N'0069', 2)
INSERT [dbo].[person] ([id], [prefix], [suffix], [type_id]) VALUES (170, N'4444', N'0070', 2)
INSERT [dbo].[person] ([id], [prefix], [suffix], [type_id]) VALUES (171, N'4444', N'0071', 2)
INSERT [dbo].[person] ([id], [prefix], [suffix], [type_id]) VALUES (172, N'4444', N'0072', 2)
INSERT [dbo].[person] ([id], [prefix], [suffix], [type_id]) VALUES (173, N'4444', N'0073', 2)
INSERT [dbo].[person] ([id], [prefix], [suffix], [type_id]) VALUES (174, N'4444', N'0074', 2)
INSERT [dbo].[person] ([id], [prefix], [suffix], [type_id]) VALUES (175, N'4444', N'0075', 2)
INSERT [dbo].[person] ([id], [prefix], [suffix], [type_id]) VALUES (176, N'4444', N'0076', 2)
INSERT [dbo].[person] ([id], [prefix], [suffix], [type_id]) VALUES (177, N'4444', N'0077', 2)
INSERT [dbo].[person] ([id], [prefix], [suffix], [type_id]) VALUES (178, N'4444', N'0078', 2)
INSERT [dbo].[person] ([id], [prefix], [suffix], [type_id]) VALUES (179, N'4444', N'0079', 2)
INSERT [dbo].[person] ([id], [prefix], [suffix], [type_id]) VALUES (180, N'4444', N'0080', 2)
INSERT [dbo].[person] ([id], [prefix], [suffix], [type_id]) VALUES (181, N'4444', N'0081', 2)
INSERT [dbo].[person] ([id], [prefix], [suffix], [type_id]) VALUES (182, N'4444', N'0082', 2)
INSERT [dbo].[person] ([id], [prefix], [suffix], [type_id]) VALUES (183, N'4444', N'0083', 2)
INSERT [dbo].[person] ([id], [prefix], [suffix], [type_id]) VALUES (184, N'4444', N'0084', 2)
INSERT [dbo].[person] ([id], [prefix], [suffix], [type_id]) VALUES (185, N'4444', N'0085', 2)
INSERT [dbo].[person] ([id], [prefix], [suffix], [type_id]) VALUES (186, N'4444', N'0086', 2)
INSERT [dbo].[person] ([id], [prefix], [suffix], [type_id]) VALUES (187, N'4444', N'0087', 2)
INSERT [dbo].[person] ([id], [prefix], [suffix], [type_id]) VALUES (188, N'4444', N'0088', 2)
INSERT [dbo].[person] ([id], [prefix], [suffix], [type_id]) VALUES (189, N'4444', N'0089', 2)
INSERT [dbo].[person] ([id], [prefix], [suffix], [type_id]) VALUES (190, N'4444', N'0090', 2)
INSERT [dbo].[person] ([id], [prefix], [suffix], [type_id]) VALUES (191, N'4444', N'0091', 2)
INSERT [dbo].[person] ([id], [prefix], [suffix], [type_id]) VALUES (192, N'4444', N'0092', 2)
INSERT [dbo].[person] ([id], [prefix], [suffix], [type_id]) VALUES (193, N'4444', N'0093', 2)
INSERT [dbo].[person] ([id], [prefix], [suffix], [type_id]) VALUES (194, N'4444', N'0094', 2)
INSERT [dbo].[person] ([id], [prefix], [suffix], [type_id]) VALUES (195, N'4444', N'0095', 2)
INSERT [dbo].[person] ([id], [prefix], [suffix], [type_id]) VALUES (196, N'4444', N'0096', 2)
INSERT [dbo].[person] ([id], [prefix], [suffix], [type_id]) VALUES (197, N'4444', N'0097', 2)
INSERT [dbo].[person] ([id], [prefix], [suffix], [type_id]) VALUES (198, N'4444', N'0098', 2)
INSERT [dbo].[person] ([id], [prefix], [suffix], [type_id]) VALUES (199, N'4444', N'0099', 2)
GO
INSERT [dbo].[person] ([id], [prefix], [suffix], [type_id]) VALUES (200, N'4444', N'0100', 2)

SET IDENTITY_INSERT [dbo].[person] OFF
SET IDENTITY_INSERT [dbo].[person_person] ON

INSERT [dbo].[person_person] ([id], [baby_id], [breastfeeding_id], [mother_id]) VALUES (1, 101, 1, 1)
INSERT [dbo].[person_person] ([id], [baby_id], [breastfeeding_id], [mother_id]) VALUES (2, 102, 2, 2)
INSERT [dbo].[person_person] ([id], [baby_id], [breastfeeding_id], [mother_id]) VALUES (3, 103, 3, 3)
INSERT [dbo].[person_person] ([id], [baby_id], [breastfeeding_id], [mother_id]) VALUES (4, 104, 3, 4)
INSERT [dbo].[person_person] ([id], [baby_id], [breastfeeding_id], [mother_id]) VALUES (5, 105, 3, 5)
INSERT [dbo].[person_person] ([id], [baby_id], [breastfeeding_id], [mother_id]) VALUES (6, 106, 3, 6)
INSERT [dbo].[person_person] ([id], [baby_id], [breastfeeding_id], [mother_id]) VALUES (7, 107, 3, 7)
INSERT [dbo].[person_person] ([id], [baby_id], [breastfeeding_id], [mother_id]) VALUES (8, 108, 3, 8)
INSERT [dbo].[person_person] ([id], [baby_id], [breastfeeding_id], [mother_id]) VALUES (9, 109, 3, 9)
INSERT [dbo].[person_person] ([id], [baby_id], [breastfeeding_id], [mother_id]) VALUES (10, 110, 3, 10)
INSERT [dbo].[person_person] ([id], [baby_id], [breastfeeding_id], [mother_id]) VALUES (11, 111, 3, 11)
INSERT [dbo].[person_person] ([id], [baby_id], [breastfeeding_id], [mother_id]) VALUES (12, 112, 3, 12)
INSERT [dbo].[person_person] ([id], [baby_id], [breastfeeding_id], [mother_id]) VALUES (13, 113, 3, 13)
INSERT [dbo].[person_person] ([id], [baby_id], [breastfeeding_id], [mother_id]) VALUES (14, 114, 3, 14)
INSERT [dbo].[person_person] ([id], [baby_id], [breastfeeding_id], [mother_id]) VALUES (15, 115, 3, 15)
INSERT [dbo].[person_person] ([id], [baby_id], [breastfeeding_id], [mother_id]) VALUES (16, 116, 3, 16)
INSERT [dbo].[person_person] ([id], [baby_id], [breastfeeding_id], [mother_id]) VALUES (17, 117, 3, 17)
INSERT [dbo].[person_person] ([id], [baby_id], [breastfeeding_id], [mother_id]) VALUES (18, 118, 3, 18)
INSERT [dbo].[person_person] ([id], [baby_id], [breastfeeding_id], [mother_id]) VALUES (19, 119, 3, 19)
INSERT [dbo].[person_person] ([id], [baby_id], [breastfeeding_id], [mother_id]) VALUES (20, 120, 3, 20)
INSERT [dbo].[person_person] ([id], [baby_id], [breastfeeding_id], [mother_id]) VALUES (21, 121, 3, 21)
INSERT [dbo].[person_person] ([id], [baby_id], [breastfeeding_id], [mother_id]) VALUES (22, 122, 3, 22)
INSERT [dbo].[person_person] ([id], [baby_id], [breastfeeding_id], [mother_id]) VALUES (23, 123, 3, 23)
INSERT [dbo].[person_person] ([id], [baby_id], [breastfeeding_id], [mother_id]) VALUES (24, 124, 3, 24)
INSERT [dbo].[person_person] ([id], [baby_id], [breastfeeding_id], [mother_id]) VALUES (25, 125, 3, 25)
INSERT [dbo].[person_person] ([id], [baby_id], [breastfeeding_id], [mother_id]) VALUES (26, 126, 3, 26)
INSERT [dbo].[person_person] ([id], [baby_id], [breastfeeding_id], [mother_id]) VALUES (27, 127, 3, 27)
INSERT [dbo].[person_person] ([id], [baby_id], [breastfeeding_id], [mother_id]) VALUES (28, 128, 3, 28)
INSERT [dbo].[person_person] ([id], [baby_id], [breastfeeding_id], [mother_id]) VALUES (29, 129, 3, 29)
INSERT [dbo].[person_person] ([id], [baby_id], [breastfeeding_id], [mother_id]) VALUES (30, 130, 3, 30)
INSERT [dbo].[person_person] ([id], [baby_id], [breastfeeding_id], [mother_id]) VALUES (31, 131, 3, 31)
INSERT [dbo].[person_person] ([id], [baby_id], [breastfeeding_id], [mother_id]) VALUES (32, 132, 3, 32)
INSERT [dbo].[person_person] ([id], [baby_id], [breastfeeding_id], [mother_id]) VALUES (33, 133, 3, 33)
INSERT [dbo].[person_person] ([id], [baby_id], [breastfeeding_id], [mother_id]) VALUES (34, 134, 3, 34)
INSERT [dbo].[person_person] ([id], [baby_id], [breastfeeding_id], [mother_id]) VALUES (35, 135, 3, 35)
INSERT [dbo].[person_person] ([id], [baby_id], [breastfeeding_id], [mother_id]) VALUES (36, 136, 3, 36)
INSERT [dbo].[person_person] ([id], [baby_id], [breastfeeding_id], [mother_id]) VALUES (37, 137, 3, 37)
INSERT [dbo].[person_person] ([id], [baby_id], [breastfeeding_id], [mother_id]) VALUES (38, 138, 3, 38)
INSERT [dbo].[person_person] ([id], [baby_id], [breastfeeding_id], [mother_id]) VALUES (39, 139, 3, 39)
INSERT [dbo].[person_person] ([id], [baby_id], [breastfeeding_id], [mother_id]) VALUES (40, 140, 3, 40)
INSERT [dbo].[person_person] ([id], [baby_id], [breastfeeding_id], [mother_id]) VALUES (41, 141, 3, 41)
INSERT [dbo].[person_person] ([id], [baby_id], [breastfeeding_id], [mother_id]) VALUES (42, 142, 3, 42)
INSERT [dbo].[person_person] ([id], [baby_id], [breastfeeding_id], [mother_id]) VALUES (43, 143, 3, 43)
INSERT [dbo].[person_person] ([id], [baby_id], [breastfeeding_id], [mother_id]) VALUES (44, 144, 3, 44)
INSERT [dbo].[person_person] ([id], [baby_id], [breastfeeding_id], [mother_id]) VALUES (45, 145, 3, 45)
INSERT [dbo].[person_person] ([id], [baby_id], [breastfeeding_id], [mother_id]) VALUES (46, 146, 3, 46)
INSERT [dbo].[person_person] ([id], [baby_id], [breastfeeding_id], [mother_id]) VALUES (47, 147, 3, 47)
INSERT [dbo].[person_person] ([id], [baby_id], [breastfeeding_id], [mother_id]) VALUES (48, 148, 3, 48)
INSERT [dbo].[person_person] ([id], [baby_id], [breastfeeding_id], [mother_id]) VALUES (49, 149, 3, 49)
INSERT [dbo].[person_person] ([id], [baby_id], [breastfeeding_id], [mother_id]) VALUES (50, 150, 3, 50)
INSERT [dbo].[person_person] ([id], [baby_id], [breastfeeding_id], [mother_id]) VALUES (51, 151, 3, 51)
INSERT [dbo].[person_person] ([id], [baby_id], [breastfeeding_id], [mother_id]) VALUES (52, 152, 3, 52)
INSERT [dbo].[person_person] ([id], [baby_id], [breastfeeding_id], [mother_id]) VALUES (53, 153, 3, 53)
INSERT [dbo].[person_person] ([id], [baby_id], [breastfeeding_id], [mother_id]) VALUES (54, 154, 3, 54)
INSERT [dbo].[person_person] ([id], [baby_id], [breastfeeding_id], [mother_id]) VALUES (55, 155, 3, 55)
INSERT [dbo].[person_person] ([id], [baby_id], [breastfeeding_id], [mother_id]) VALUES (56, 156, 3, 56)
INSERT [dbo].[person_person] ([id], [baby_id], [breastfeeding_id], [mother_id]) VALUES (57, 157, 3, 57)
INSERT [dbo].[person_person] ([id], [baby_id], [breastfeeding_id], [mother_id]) VALUES (58, 158, 3, 58)
INSERT [dbo].[person_person] ([id], [baby_id], [breastfeeding_id], [mother_id]) VALUES (59, 159, 3, 59)
INSERT [dbo].[person_person] ([id], [baby_id], [breastfeeding_id], [mother_id]) VALUES (60, 160, 3, 60)
INSERT [dbo].[person_person] ([id], [baby_id], [breastfeeding_id], [mother_id]) VALUES (61, 161, 3, 61)
INSERT [dbo].[person_person] ([id], [baby_id], [breastfeeding_id], [mother_id]) VALUES (62, 162, 3, 62)
INSERT [dbo].[person_person] ([id], [baby_id], [breastfeeding_id], [mother_id]) VALUES (63, 163, 3, 63)
INSERT [dbo].[person_person] ([id], [baby_id], [breastfeeding_id], [mother_id]) VALUES (64, 164, 3, 64)
INSERT [dbo].[person_person] ([id], [baby_id], [breastfeeding_id], [mother_id]) VALUES (65, 165, 3, 65)
INSERT [dbo].[person_person] ([id], [baby_id], [breastfeeding_id], [mother_id]) VALUES (66, 166, 3, 66)
INSERT [dbo].[person_person] ([id], [baby_id], [breastfeeding_id], [mother_id]) VALUES (67, 167, 3, 67)
INSERT [dbo].[person_person] ([id], [baby_id], [breastfeeding_id], [mother_id]) VALUES (68, 168, 3, 68)
INSERT [dbo].[person_person] ([id], [baby_id], [breastfeeding_id], [mother_id]) VALUES (69, 169, 3, 69)
INSERT [dbo].[person_person] ([id], [baby_id], [breastfeeding_id], [mother_id]) VALUES (70, 170, 3, 70)
INSERT [dbo].[person_person] ([id], [baby_id], [breastfeeding_id], [mother_id]) VALUES (71, 171, 3, 71)
INSERT [dbo].[person_person] ([id], [baby_id], [breastfeeding_id], [mother_id]) VALUES (72, 172, 3, 72)
INSERT [dbo].[person_person] ([id], [baby_id], [breastfeeding_id], [mother_id]) VALUES (73, 173, 3, 73)
INSERT [dbo].[person_person] ([id], [baby_id], [breastfeeding_id], [mother_id]) VALUES (74, 174, 3, 74)
INSERT [dbo].[person_person] ([id], [baby_id], [breastfeeding_id], [mother_id]) VALUES (75, 175, 3, 75)
INSERT [dbo].[person_person] ([id], [baby_id], [breastfeeding_id], [mother_id]) VALUES (76, 176, 3, 76)
INSERT [dbo].[person_person] ([id], [baby_id], [breastfeeding_id], [mother_id]) VALUES (77, 177, 3, 77)
INSERT [dbo].[person_person] ([id], [baby_id], [breastfeeding_id], [mother_id]) VALUES (78, 178, 3, 78)
INSERT [dbo].[person_person] ([id], [baby_id], [breastfeeding_id], [mother_id]) VALUES (79, 179, 3, 79)
INSERT [dbo].[person_person] ([id], [baby_id], [breastfeeding_id], [mother_id]) VALUES (80, 180, 3, 80)
INSERT [dbo].[person_person] ([id], [baby_id], [breastfeeding_id], [mother_id]) VALUES (81, 181, 3, 81)
INSERT [dbo].[person_person] ([id], [baby_id], [breastfeeding_id], [mother_id]) VALUES (82, 182, 3, 82)
INSERT [dbo].[person_person] ([id], [baby_id], [breastfeeding_id], [mother_id]) VALUES (83, 183, 3, 83)
INSERT [dbo].[person_person] ([id], [baby_id], [breastfeeding_id], [mother_id]) VALUES (84, 184, 3, 84)
INSERT [dbo].[person_person] ([id], [baby_id], [breastfeeding_id], [mother_id]) VALUES (85, 185, 3, 85)
INSERT [dbo].[person_person] ([id], [baby_id], [breastfeeding_id], [mother_id]) VALUES (86, 186, 3, 86)
INSERT [dbo].[person_person] ([id], [baby_id], [breastfeeding_id], [mother_id]) VALUES (87, 187, 3, 87)
INSERT [dbo].[person_person] ([id], [baby_id], [breastfeeding_id], [mother_id]) VALUES (88, 188, 3, 88)
INSERT [dbo].[person_person] ([id], [baby_id], [breastfeeding_id], [mother_id]) VALUES (89, 189, 3, 89)
INSERT [dbo].[person_person] ([id], [baby_id], [breastfeeding_id], [mother_id]) VALUES (90, 190, 3, 90)
INSERT [dbo].[person_person] ([id], [baby_id], [breastfeeding_id], [mother_id]) VALUES (91, 191, 3, 91)
INSERT [dbo].[person_person] ([id], [baby_id], [breastfeeding_id], [mother_id]) VALUES (92, 192, 3, 92)
INSERT [dbo].[person_person] ([id], [baby_id], [breastfeeding_id], [mother_id]) VALUES (93, 193, 3, 93)
INSERT [dbo].[person_person] ([id], [baby_id], [breastfeeding_id], [mother_id]) VALUES (94, 194, 3, 94)
INSERT [dbo].[person_person] ([id], [baby_id], [breastfeeding_id], [mother_id]) VALUES (95, 195, 3, 95)
INSERT [dbo].[person_person] ([id], [baby_id], [breastfeeding_id], [mother_id]) VALUES (96, 196, 3, 96)
INSERT [dbo].[person_person] ([id], [baby_id], [breastfeeding_id], [mother_id]) VALUES (97, 197, 3, 97)
INSERT [dbo].[person_person] ([id], [baby_id], [breastfeeding_id], [mother_id]) VALUES (98, 198, 3, 98)
INSERT [dbo].[person_person] ([id], [baby_id], [breastfeeding_id], [mother_id]) VALUES (99, 199, 3, 99)
GO
INSERT [dbo].[person_person] ([id], [baby_id], [breastfeeding_id], [mother_id]) VALUES (100, 200, 3, 100)
SET IDENTITY_INSERT [dbo].[person_person] OFF
SET IDENTITY_INSERT [dbo].[category] ON
INSERT [dbo].[category] ([id], [category_name]) VALUES (1, N'Hormone Axes')
INSERT [dbo].[category] ([id], [category_name]) VALUES (2, N'Inflammation')
INSERT [dbo].[category] ([id], [category_name]) VALUES (3, N'Oxidative Stress')
INSERT [dbo].[category] ([id], [category_name]) VALUES (4, N'Micro Nutrients')
INSERT [dbo].[category] ([id], [category_name]) VALUES (5, N'C1-Metabolism')
INSERT [dbo].[category] ([id], [category_name]) VALUES (6, N'Microbiome')
INSERT [dbo].[category] ([id], [category_name]) VALUES (7, N'Iron metabolism')

SET IDENTITY_INSERT [dbo].[category] OFF
SET IDENTITY_INSERT [dbo].[dimension] ON
INSERT [dbo].[dimension] ([id], [description], [dimension], [name], [category_id]) VALUES (1, NULL, N'E', N'TSH', 1)
INSERT [dbo].[dimension] ([id], [description], [dimension], [name], [category_id]) VALUES (2, NULL, N'E', N'T3.01', 1)
INSERT [dbo].[dimension] ([id], [description], [dimension], [name], [category_id]) VALUES (3, NULL, N'E', N'T3.02', 1)
INSERT [dbo].[dimension] ([id], [description], [dimension], [name], [category_id]) VALUES (4, NULL, N'E', N'T4.01', 1)
INSERT [dbo].[dimension] ([id], [description], [dimension], [name], [category_id]) VALUES (5, NULL, N'E', N'T4.02', 1)
INSERT [dbo].[dimension] ([id], [description], [dimension], [name], [category_id]) VALUES (6, NULL, N'E', N'Cortisol', 1)
INSERT [dbo].[dimension] ([id], [description], [dimension], [name], [category_id]) VALUES (7, NULL, N'E', N'Leptin', 1)
INSERT [dbo].[dimension] ([id], [description], [dimension], [name], [category_id]) VALUES (8, NULL, N'E', N'Ghrelin', 1)
INSERT [dbo].[dimension] ([id], [description], [dimension], [name], [category_id]) VALUES (9, NULL, N'E', N'Irisin', 1)
INSERT [dbo].[dimension] ([id], [description], [dimension], [name], [category_id]) VALUES (10, NULL, N'E', N'Insulin', 1)
INSERT [dbo].[dimension] ([id], [description], [dimension], [name], [category_id]) VALUES (11, NULL, N'E', N'C peptide', 1)
INSERT [dbo].[dimension] ([id], [description], [dimension], [name], [category_id]) VALUES (12, NULL, N'E', N'TNF alpha', 2)
INSERT [dbo].[dimension] ([id], [description], [dimension], [name], [category_id]) VALUES (13, NULL, N'E', N'IL-1', 2)
INSERT [dbo].[dimension] ([id], [description], [dimension], [name], [category_id]) VALUES (14, NULL, N'E', N'Nuclear factor kappa B', 2)
INSERT [dbo].[dimension] ([id], [description], [dimension], [name], [category_id]) VALUES (15, NULL, N'E', N'IL-6', 2)
INSERT [dbo].[dimension] ([id], [description], [dimension], [name], [category_id]) VALUES (16, NULL, N'E', N'C-reactive protein', 2)
INSERT [dbo].[dimension] ([id], [description], [dimension], [name], [category_id]) VALUES (17, NULL, N'E', N'AFABP', 2)
INSERT [dbo].[dimension] ([id], [description], [dimension], [name], [category_id]) VALUES (18, NULL, N'E', N'SFRP5', 2)
INSERT [dbo].[dimension] ([id], [description], [dimension], [name], [category_id]) VALUES (19, NULL, N'E', N'Adiponectin', 2)
INSERT [dbo].[dimension] ([id], [description], [dimension], [name], [category_id]) VALUES (20, NULL, N'E', N'LCFA.01', 3)
INSERT [dbo].[dimension] ([id], [description], [dimension], [name], [category_id]) VALUES (21, NULL, N'E', N'LCFA.02', 3)
INSERT [dbo].[dimension] ([id], [description], [dimension], [name], [category_id]) VALUES (22, NULL, N'E', N'LCFA.03', 3)
INSERT [dbo].[dimension] ([id], [description], [dimension], [name], [category_id]) VALUES (23, NULL, N'E', N'LCFA.04', 3)
INSERT [dbo].[dimension] ([id], [description], [dimension], [name], [category_id]) VALUES (24, NULL, N'E', N'LCFA.05', 3)
INSERT [dbo].[dimension] ([id], [description], [dimension], [name], [category_id]) VALUES (25, NULL, N'E', N'LCFA.06', 3)
INSERT [dbo].[dimension] ([id], [description], [dimension], [name], [category_id]) VALUES (26, NULL, N'E', N'LCFA.07', 3)
INSERT [dbo].[dimension] ([id], [description], [dimension], [name], [category_id]) VALUES (27, NULL, N'E', N'LCFA.08', 3)
INSERT [dbo].[dimension] ([id], [description], [dimension], [name], [category_id]) VALUES (28, NULL, N'E', N'LCFA.09', 3)
INSERT [dbo].[dimension] ([id], [description], [dimension], [name], [category_id]) VALUES (29, NULL, N'E', N'LCFA.10', 3)
INSERT [dbo].[dimension] ([id], [description], [dimension], [name], [category_id]) VALUES (30, NULL, N'E', N'SCFA.01', 3)
INSERT [dbo].[dimension] ([id], [description], [dimension], [name], [category_id]) VALUES (31, NULL, N'E', N'SCFA.02', 3)
INSERT [dbo].[dimension] ([id], [description], [dimension], [name], [category_id]) VALUES (32, NULL, N'E', N'SCFA.03', 3)
INSERT [dbo].[dimension] ([id], [description], [dimension], [name], [category_id]) VALUES (33, NULL, N'E', N'SCFA.04', 3)
INSERT [dbo].[dimension] ([id], [description], [dimension], [name], [category_id]) VALUES (34, NULL, N'E', N'SCFA.05', 3)
INSERT [dbo].[dimension] ([id], [description], [dimension], [name], [category_id]) VALUES (35, NULL, N'E', N'SCFA.06', 3)
INSERT [dbo].[dimension] ([id], [description], [dimension], [name], [category_id]) VALUES (36, NULL, N'E', N'SCFA.07', 3)
INSERT [dbo].[dimension] ([id], [description], [dimension], [name], [category_id]) VALUES (37, NULL, N'E', N'SCFA.08', 3)
INSERT [dbo].[dimension] ([id], [description], [dimension], [name], [category_id]) VALUES (38, NULL, N'E', N'SCFA.09', 3)
INSERT [dbo].[dimension] ([id], [description], [dimension], [name], [category_id]) VALUES (39, NULL, N'E', N'SCFA.10', 3)
INSERT [dbo].[dimension] ([id], [description], [dimension], [name], [category_id]) VALUES (40, NULL, N'E', N'SCFA.11', 3)
INSERT [dbo].[dimension] ([id], [description], [dimension], [name], [category_id]) VALUES (41, NULL, N'E', N'SCFA.12', 3)
INSERT [dbo].[dimension] ([id], [description], [dimension], [name], [category_id]) VALUES (42, NULL, N'E', N'SCFA.13', 3)
INSERT [dbo].[dimension] ([id], [description], [dimension], [name], [category_id]) VALUES (43, NULL, N'E', N'SCFA.14', 3)
INSERT [dbo].[dimension] ([id], [description], [dimension], [name], [category_id]) VALUES (44, NULL, N'E', N'SCFA.15', 3)
INSERT [dbo].[dimension] ([id], [description], [dimension], [name], [category_id]) VALUES (45, NULL, N'E', N'SCFA.16', 3)
INSERT [dbo].[dimension] ([id], [description], [dimension], [name], [category_id]) VALUES (46, NULL, N'E', N'SCFA.17', 3)
INSERT [dbo].[dimension] ([id], [description], [dimension], [name], [category_id]) VALUES (47, NULL, N'E', N'SCFA.18', 3)
INSERT [dbo].[dimension] ([id], [description], [dimension], [name], [category_id]) VALUES (48, NULL, N'E', N'SCFA.19', 3)
INSERT [dbo].[dimension] ([id], [description], [dimension], [name], [category_id]) VALUES (49, NULL, N'E', N'SCFA.20', 3)
INSERT [dbo].[dimension] ([id], [description], [dimension], [name], [category_id]) VALUES (50, NULL, N'E', N'SCFA.21', 3)
INSERT [dbo].[dimension] ([id], [description], [dimension], [name], [category_id]) VALUES (51, NULL, N'E', N'SCFA.22', 3)
INSERT [dbo].[dimension] ([id], [description], [dimension], [name], [category_id]) VALUES (52, NULL, N'E', N'SCFA.23', 3)
INSERT [dbo].[dimension] ([id], [description], [dimension], [name], [category_id]) VALUES (53, NULL, N'E', N'SCFA.24', 3)
INSERT [dbo].[dimension] ([id], [description], [dimension], [name], [category_id]) VALUES (54, NULL, N'E', N'SCFA.25', 3)
INSERT [dbo].[dimension] ([id], [description], [dimension], [name], [category_id]) VALUES (55, NULL, N'E', N'SCFA.26', 3)
INSERT [dbo].[dimension] ([id], [description], [dimension], [name], [category_id]) VALUES (56, NULL, N'E', N'SCFA.27', 3)
INSERT [dbo].[dimension] ([id], [description], [dimension], [name], [category_id]) VALUES (57, NULL, N'E', N'SCFA.28', 3)
INSERT [dbo].[dimension] ([id], [description], [dimension], [name], [category_id]) VALUES (58, NULL, N'E', N'SCFA.29', 3)
INSERT [dbo].[dimension] ([id], [description], [dimension], [name], [category_id]) VALUES (59, NULL, N'E', N'SCFA.30', 3)
INSERT [dbo].[dimension] ([id], [description], [dimension], [name], [category_id]) VALUES (60, NULL, N'E', N'Eicosanoids.01', 3)
INSERT [dbo].[dimension] ([id], [description], [dimension], [name], [category_id]) VALUES (61, NULL, N'E', N'Eicosanoids.02', 3)
INSERT [dbo].[dimension] ([id], [description], [dimension], [name], [category_id]) VALUES (62, NULL, N'E', N'Eicosanoids.03', 3)
INSERT [dbo].[dimension] ([id], [description], [dimension], [name], [category_id]) VALUES (63, NULL, N'E', N'Eicosanoids.04', 3)
INSERT [dbo].[dimension] ([id], [description], [dimension], [name], [category_id]) VALUES (64, NULL, N'E', N'Eicosanoids.05', 3)
INSERT [dbo].[dimension] ([id], [description], [dimension], [name], [category_id]) VALUES (65, NULL, N'E', N'Eicosanoids.06', 3)
INSERT [dbo].[dimension] ([id], [description], [dimension], [name], [category_id]) VALUES (66, NULL, N'E', N'Eicosanoids.07', 3)
INSERT [dbo].[dimension] ([id], [description], [dimension], [name], [category_id]) VALUES (67, NULL, N'E', N'Eicosanoids.08', 3)
INSERT [dbo].[dimension] ([id], [description], [dimension], [name], [category_id]) VALUES (68, NULL, N'E', N'Eicosanoids.09', 3)
INSERT [dbo].[dimension] ([id], [description], [dimension], [name], [category_id]) VALUES (69, NULL, N'E', N'Eicosanoids.10', 3)
INSERT [dbo].[dimension] ([id], [description], [dimension], [name], [category_id]) VALUES (70, NULL, N'E', N'8-OH-dG', 3)
INSERT [dbo].[dimension] ([id], [description], [dimension], [name], [category_id]) VALUES (71, NULL, N'E', N'Carbonyl proteins', 3)
INSERT [dbo].[dimension] ([id], [description], [dimension], [name], [category_id]) VALUES (72, NULL, N'E', N'Zinc', 4)
INSERT [dbo].[dimension] ([id], [description], [dimension], [name], [category_id]) VALUES (73, NULL, N'E', N'Selenium', 4)
INSERT [dbo].[dimension] ([id], [description], [dimension], [name], [category_id]) VALUES (74, NULL, N'E', N'Folate', 4)
INSERT [dbo].[dimension] ([id], [description], [dimension], [name], [category_id]) VALUES (75, NULL, N'E', N'B1', 4)
INSERT [dbo].[dimension] ([id], [description], [dimension], [name], [category_id]) VALUES (76, NULL, N'E', N'B2', 4)
INSERT [dbo].[dimension] ([id], [description], [dimension], [name], [category_id]) VALUES (77, NULL, N'E', N'B6', 4)
INSERT [dbo].[dimension] ([id], [description], [dimension], [name], [category_id]) VALUES (78, NULL, N'E', N'B12', 4)
INSERT [dbo].[dimension] ([id], [description], [dimension], [name], [category_id]) VALUES (79, NULL, N'E', N'D25OH 1,25OH.01 ', 4)
INSERT [dbo].[dimension] ([id], [description], [dimension], [name], [category_id]) VALUES (80, NULL, N'E', N'D25OH 1,25OH.02', 4)
INSERT [dbo].[dimension] ([id], [description], [dimension], [name], [category_id]) VALUES (81, NULL, N'E', N'E', 4)
INSERT [dbo].[dimension] ([id], [description], [dimension], [name], [category_id]) VALUES (82, NULL, N'E', N'A', 4)
INSERT [dbo].[dimension] ([id], [description], [dimension], [name], [category_id]) VALUES (83, NULL, N'E', N'Homocysteine', 5)
INSERT [dbo].[dimension] ([id], [description], [dimension], [name], [category_id]) VALUES (84, NULL, N'E', N'16S rRNA', 6)
INSERT [dbo].[dimension] ([id], [description], [dimension], [name], [category_id]) VALUES (85, NULL, N'E', N'Iron', 7)
INSERT [dbo].[dimension] ([id], [description], [dimension], [name], [category_id]) VALUES (86, NULL, N'E', N'Ferritin', 7)
INSERT [dbo].[dimension] ([id], [description], [dimension], [name], [category_id]) VALUES (87, NULL, N'E', N'Haemoglobin', 7)
INSERT [dbo].[dimension] ([id], [description], [dimension], [name], [category_id]) VALUES (88, NULL, N'E', N'Hepcidin', 7)
INSERT [dbo].[dimension] ([id], [description], [dimension], [name], [category_id]) VALUES (89, NULL, N'E', N'Bilirubin unconjugated', 7)

SET IDENTITY_INSERT [dbo].[dimension] OFF
SET IDENTITY_INSERT [dbo].[mr] ON
INSERT [dbo].[mr] ([id], [description], [name]) VALUES (1, N'36 SSW', N'MR1')
INSERT [dbo].[mr] ([id], [description], [name]) VALUES (2, N'4. Woche', N'MR2')
INSERT [dbo].[mr] ([id], [description], [name]) VALUES (3, N'8. Woche', N'MR3')
INSERT [dbo].[mr] ([id], [description], [name]) VALUES (4, N'12. Woche', N'MR4')
INSERT [dbo].[mr] ([id], [description], [name]) VALUES (5, N'16. Woche', N'MR5')
INSERT [dbo].[mr] ([id], [description], [name]) VALUES (6, N'28. Woche', N'MR6')
INSERT [dbo].[mr] ([id], [description], [name]) VALUES (8, N'1. Geburtstag', N'MR7')
INSERT [dbo].[mr] ([id], [description], [name]) VALUES (9, N'2. Geburtstag', N'MR8')

SET IDENTITY_INSERT [dbo].[mr] OFF
SET IDENTITY_INSERT [dbo].[source] ON
INSERT [dbo].[source] ([id], [name]) VALUES (1, N'Plasma')
INSERT [dbo].[source] ([id], [name]) VALUES (2, N'Urine')
INSERT [dbo].[source] ([id], [name]) VALUES (3, N'Feces')
INSERT [dbo].[source] ([id], [name]) VALUES (4, N'Salvia')
INSERT [dbo].[source] ([id], [name]) VALUES (5, N'Breast milk')

SET IDENTITY_INSERT [dbo].[source] OFF
SET IDENTITY_INSERT [dbo].[state] ON
INSERT [dbo].[state] ([id], [description], [null_allowed], [text]) VALUES (1, N'Not Detectable', 1, N'ND')
INSERT [dbo].[state] ([id], [description], [null_allowed], [text]) VALUES (2, N'Zu wenig / Kein Probenmaterial', 1, N'KP')
INSERT [dbo].[state] ([id], [description], [null_allowed], [text]) VALUES (3, N'Suspekter Wert', 0, N'SW')

SET IDENTITY_INSERT [dbo].[state] OFF

INSERT INTO [dbo].[role] ([description],[name])VALUES('Administrator','ROLE_ADMIN')
INSERT INTO [dbo].[role] ([description],[name])VALUES('User','ROLE_USER')


INSERT INTO [dbo].[uzer] ([username],[password])VALUES('Admin','Pa$$w0rd')
INSERT INTO [dbo].[uzer] ([username],[password])VALUES('Michaela','Pa$$w0rd')
INSERT INTO [dbo].[uzer] ([username],[password])VALUES('Kevin','Pa$$w0rd')
INSERT INTO [dbo].[uzer] ([username],[password])VALUES('Sebastian','Pa$$w0rd')


INSERT INTO [dbo].[uzer_roles] (uzers_id,roles_id)VALUES(1,1)
INSERT INTO [dbo].[uzer_roles] (uzers_id,roles_id)VALUES(2,2)
INSERT INTO [dbo].[uzer_roles] (uzers_id,roles_id)VALUES(3,2)
INSERT INTO [dbo].[uzer_roles] (uzers_id,roles_id)VALUES(4,2)
INSERT INTO [dbo].[uzer_roles] (uzers_id,roles_id)VALUES(2,1)

INSERT INTO [dbo].[value]([value],[dimension_id],[mr_id],[person_id],[source_id],[state_id]) VALUES (1234.33454,1,1 ,1,1,1)
INSERT INTO [dbo].[value]([value],[dimension_id],[mr_id],[person_id],[source_id],[state_id]) VALUES (1234534.34,2,3 ,2,3,2)
INSERT INTO [dbo].[value]([value],[dimension_id],[mr_id],[person_id],[source_id],[state_id]) VALUES (1237684.34,3,2 ,1,3,2)
INSERT INTO [dbo].[value]([value],[dimension_id],[mr_id],[person_id],[source_id],[state_id]) VALUES (1237684.34,3,2 ,1,3,2)
INSERT INTO [dbo].[value]([value],[dimension_id],[mr_id],[person_id],[source_id],[state_id]) VALUES (1237684.34,3,2 ,1,3,2)
INSERT INTO [dbo].[value]([value],[dimension_id],[mr_id],[person_id],[source_id],[state_id]) VALUES (1237684.34,3,2 ,1,3,2)
INSERT INTO [dbo].[value]([value],[dimension_id],[mr_id],[person_id],[source_id],[state_id]) VALUES (1237684.34,3,2 ,1,3,2)
INSERT INTO [dbo].[value]([value],[dimension_id],[mr_id],[person_id],[source_id],[state_id]) VALUES (1237684.34,3,2 ,1,3,2)
INSERT INTO [dbo].[value]([value],[dimension_id],[mr_id],[person_id],[source_id],[state_id]) VALUES (1237684.34,3,2 ,1,3,2)
INSERT INTO [dbo].[value]([value],[dimension_id],[mr_id],[person_id],[source_id],[state_id]) VALUES (1237684.34,3,2 ,1,3,2)
INSERT INTO [dbo].[value]([value],[dimension_id],[mr_id],[person_id],[source_id],[state_id]) VALUES (1237684.34,3,2 ,1,3,2)
INSERT INTO [dbo].[value]([value],[dimension_id],[mr_id],[person_id],[source_id],[state_id]) VALUES (1237684.34,3,2 ,1,3,2)
INSERT INTO [dbo].[value]([value],[dimension_id],[mr_id],[person_id],[source_id],[state_id]) VALUES (1237684.34,3,2 ,1,3,2)
INSERT INTO [dbo].[value]([value],[dimension_id],[mr_id],[person_id],[source_id],[state_id]) VALUES (1237684.34,3,2 ,1,3,2)
INSERT INTO [dbo].[value]([value],[dimension_id],[mr_id],[person_id],[source_id],[state_id]) VALUES (1237684.34,3,2 ,1,3,2)
INSERT INTO [dbo].[value]([value],[dimension_id],[mr_id],[person_id],[source_id],[state_id]) VALUES (1237684.34,3,2 ,1,3,2)
INSERT INTO [dbo].[value]([value],[dimension_id],[mr_id],[person_id],[source_id],[state_id]) VALUES (1237684.34,3,2 ,1,3,2)
INSERT INTO [dbo].[value]([value],[dimension_id],[mr_id],[person_id],[source_id],[state_id]) VALUES (1237684.34,3,2 ,1,3,2)
INSERT INTO [dbo].[value]([value],[dimension_id],[mr_id],[person_id],[source_id],[state_id]) VALUES (1237684.34,3,2 ,1,3,2)
INSERT INTO [dbo].[value]([value],[dimension_id],[mr_id],[person_id],[source_id],[state_id]) VALUES (1237684.34,3,2 ,1,3,2)
INSERT INTO [dbo].[value]([value],[dimension_id],[mr_id],[person_id],[source_id],[state_id]) VALUES (1237684.34,3,2 ,1,3,2)
INSERT INTO [dbo].[value]([value],[dimension_id],[mr_id],[person_id],[source_id],[state_id]) VALUES (1237684.34,3,2 ,1,3,2)
INSERT INTO [dbo].[value]([value],[dimension_id],[mr_id],[person_id],[source_id],[state_id]) VALUES (1237684.34,3,2 ,1,3,2)
INSERT INTO [dbo].[value]([value],[dimension_id],[mr_id],[person_id],[source_id],[state_id]) VALUES (1237684.34,3,2 ,1,3,2)
INSERT INTO [dbo].[value]([value],[dimension_id],[mr_id],[person_id],[source_id],[state_id]) VALUES (1237684.34,3,2 ,1,3,2)
INSERT INTO [dbo].[value]([value],[dimension_id],[mr_id],[person_id],[source_id],[state_id]) VALUES (1237684.34,3,2 ,1,3,2)
INSERT INTO [dbo].[value]([value],[dimension_id],[mr_id],[person_id],[source_id],[state_id]) VALUES (1237684.34,3,2 ,1,3,2)
INSERT INTO [dbo].[value]([value],[dimension_id],[mr_id],[person_id],[source_id],[state_id]) VALUES (1237684.34,3,2 ,1,3,2)
INSERT INTO [dbo].[value]([value],[dimension_id],[mr_id],[person_id],[source_id],[state_id]) VALUES (1237684.34,3,2 ,1,3,2)
INSERT INTO [dbo].[value]([value],[dimension_id],[mr_id],[person_id],[source_id],[state_id]) VALUES (111111111111111111.11111111111111111111,3,2 ,1,3,2)






